provincia	cod_provincia	aglomerado	cod_aglomerado	hogar	grupo	minimo	maximo	SMVM
CABA	1	CIUDAD DE BUENOS AIRES	1	1	1	0	7000	0.36
CABA	1	CIUDAD DE BUENOS AIRES	1	1	2	7000	10000	0.84
CABA	1	CIUDAD DE BUENOS AIRES	1	1	3	10000	15000	1.24
CABA	1	CIUDAD DE BUENOS AIRES	1	1	4	15000	18000	1.51
CABA	1	CIUDAD DE BUENOS AIRES	1	1	5	18000	20000	1.83
CABA	1	CIUDAD DE BUENOS AIRES	1	1	6	20000	25000	2.11
CABA	1	CIUDAD DE BUENOS AIRES	1	1	7	25000	30000	2.52
CABA	1	CIUDAD DE BUENOS AIRES	1	1	8	30000	35000	2.98
CABA	1	CIUDAD DE BUENOS AIRES	1	1	9	35000	45000	3.71
CABA	1	CIUDAD DE BUENOS AIRES	1	1	10	45000	200000	5.82
CABA	1	CIUDAD DE BUENOS AIRES	1	2	1	0	14000	0.57
CABA	1	CIUDAD DE BUENOS AIRES	1	2	2	14000	18000	0.85
CABA	1	CIUDAD DE BUENOS AIRES	1	2	3	18000	24000	0.99
CABA	1	CIUDAD DE BUENOS AIRES	1	2	4	24000	28800	1.33
CABA	1	CIUDAD DE BUENOS AIRES	1	2	5	28800	35000	1.71
CABA	1	CIUDAD DE BUENOS AIRES	1	2	6	35000	42000	1.82
CABA	1	CIUDAD DE BUENOS AIRES	1	2	7	42000	50000	2.00
CABA	1	CIUDAD DE BUENOS AIRES	1	2	8	50000	62500	2.51
CABA	1	CIUDAD DE BUENOS AIRES	1	2	9	62500	80000	3.48
CABA	1	CIUDAD DE BUENOS AIRES	1	2	10	80000	367000	3.67
Buenos Aires	2	BAHÍA BLANCA - CERRI	2	1	1	0	5000	0.25
Buenos Aires	2	BAHÍA BLANCA - CERRI	2	1	2	5000	8000	0.59
Buenos Aires	2	BAHÍA BLANCA - CERRI	2	1	3	8000	11000	0.87
Buenos Aires	2	BAHÍA BLANCA - CERRI	2	1	4	11000	15000	1.24
Buenos Aires	2	BAHÍA BLANCA - CERRI	2	1	5	15000	17000	1.48
Buenos Aires	2	BAHÍA BLANCA - CERRI	2	1	6	17000	20000	1.75
Buenos Aires	2	BAHÍA BLANCA - CERRI	2	1	7	20000	23000	1.93
Buenos Aires	2	BAHÍA BLANCA - CERRI	2	1	8	23000	28000	2.38
Buenos Aires	2	BAHÍA BLANCA - CERRI	2	1	9	29000	40000	3.07
Buenos Aires	2	BAHÍA BLANCA - CERRI	2	1	10	40000	100000	4.91
Buenos Aires	2	BAHÍA BLANCA - CERRI	2	2	1	1400	10000	0.38
Buenos Aires	2	BAHÍA BLANCA - CERRI	2	2	2	10000	15000	0.64
Buenos Aires	2	BAHÍA BLANCA - CERRI	2	2	3	15000	18000	0.72
Buenos Aires	2	BAHÍA BLANCA - CERRI	2	2	4	18000	20500	0.71
Buenos Aires	2	BAHÍA BLANCA - CERRI	2	2	5	20500	26000	0.83
Buenos Aires	2	BAHÍA BLANCA - CERRI	2	2	6	26000	33000	1.01
Buenos Aires	2	BAHÍA BLANCA - CERRI	2	2	7	33000	40000	1.15
Buenos Aires	2	BAHÍA BLANCA - CERRI	2	2	8	40000	51300	1.38
Buenos Aires	2	BAHÍA BLANCA - CERRI	2	2	9	52000	70000	1.71
Buenos Aires	2	BAHÍA BLANCA - CERRI	2	2	10	70000	131000	2.28
Buenos Aires	2	GRAN LA PLATA	3	1	1	0	4800	0.27
Buenos Aires	2	GRAN LA PLATA	3	1	2	4800	7200	0.56
Buenos Aires	2	GRAN LA PLATA	3	1	3	7200	10000	0.83
Buenos Aires	2	GRAN LA PLATA	3	1	4	10000	12000	1.05
Buenos Aires	2	GRAN LA PLATA	3	1	5	12000	15000	1.31
Buenos Aires	2	GRAN LA PLATA	3	1	6	15000	18000	1.53
Buenos Aires	2	GRAN LA PLATA	3	1	7	18000	20000	1.84
Buenos Aires	2	GRAN LA PLATA	3	1	8	20000	25000	2.14
Buenos Aires	2	GRAN LA PLATA	3	1	9	25000	30000	2.65
Buenos Aires	2	GRAN LA PLATA	3	1	10	30000	100000	4.15
Buenos Aires	2	GRAN LA PLATA	3	2	1	0	10000	0.26
Buenos Aires	2	GRAN LA PLATA	3	2	2	10000	15000	0.54
Buenos Aires	2	GRAN LA PLATA	3	2	3	15000	18000	0.68
Buenos Aires	2	GRAN LA PLATA	3	2	4	18000	22200	0.71
Buenos Aires	2	GRAN LA PLATA	3	2	5	22200	26000	0.70
Buenos Aires	2	GRAN LA PLATA	3	2	6	26000	34000	0.93
Buenos Aires	2	GRAN LA PLATA	3	2	7	34000	39000	1.06
Buenos Aires	2	GRAN LA PLATA	3	2	8	39000	49000	1.25
Buenos Aires	2	GRAN LA PLATA	3	2	9	49000	64000	1.48
Buenos Aires	2	GRAN LA PLATA	3	2	10	64000	140000	2.45
Buenos Aires	2	MAR DEL PLATA - BATÁN	4	1	1	0	4000	0.21
Buenos Aires	2	MAR DEL PLATA - BATÁN	4	1	2	4000	8000	0.58
Buenos Aires	2	MAR DEL PLATA - BATÁN	4	1	3	8000	10000	0.86
Buenos Aires	2	MAR DEL PLATA - BATÁN	4	1	4	10000	12000	1.07
Buenos Aires	2	MAR DEL PLATA - BATÁN	4	1	5	12000	15000	1.33
Buenos Aires	2	MAR DEL PLATA - BATÁN	4	1	6	15000	20000	1.62
Buenos Aires	2	MAR DEL PLATA - BATÁN	4	1	7	20000	21000	1.90
Buenos Aires	2	MAR DEL PLATA - BATÁN	4	1	8	21000	27000	2.24
Buenos Aires	2	MAR DEL PLATA - BATÁN	4	1	9	27000	40000	2.96
Buenos Aires	2	MAR DEL PLATA - BATÁN	4	1	10	40000	300000	6.04
Buenos Aires	2	MAR DEL PLATA - BATÁN	4	2	1	0	8600	0.32
Buenos Aires	2	MAR DEL PLATA - BATÁN	4	2	2	8600	15000	0.48
Buenos Aires	2	MAR DEL PLATA - BATÁN	4	2	3	15000	17800	0.77
Buenos Aires	2	MAR DEL PLATA - BATÁN	4	2	4	17800	20800	0.76
Buenos Aires	2	MAR DEL PLATA - BATÁN	4	2	5	20800	25000	0.94
Buenos Aires	2	MAR DEL PLATA - BATÁN	4	2	6	25000	31000	0.95
Buenos Aires	2	MAR DEL PLATA - BATÁN	4	2	7	31000	37000	0.98
Buenos Aires	2	MAR DEL PLATA - BATÁN	4	2	8	37000	47000	1.30
Buenos Aires	2	MAR DEL PLATA - BATÁN	4	2	9	47000	69000	1.62
Buenos Aires	2	MAR DEL PLATA - BATÁN	4	2	10	69000	320000	3.34
Buenos Aires	2	PARTIDOS DEL GBA	5	1	1	0	4000	0.22
Buenos Aires	2	PARTIDOS DEL GBA	5	1	2	4000	6500	0.50
Buenos Aires	2	PARTIDOS DEL GBA	5	1	3	6500	10000	0.77
Buenos Aires	2	PARTIDOS DEL GBA	5	1	4	10000	12000	1.01
Buenos Aires	2	PARTIDOS DEL GBA	5	1	5	12000	15000	1.28
Buenos Aires	2	PARTIDOS DEL GBA	5	1	6	15000	18000	1.51
Buenos Aires	2	PARTIDOS DEL GBA	5	1	7	18000	20000	1.81
Buenos Aires	2	PARTIDOS DEL GBA	5	1	8	20000	25000	2.07
Buenos Aires	2	PARTIDOS DEL GBA	5	1	9	25000	30000	2.61
Buenos Aires	2	PARTIDOS DEL GBA	5	1	10	30000	400000	4.50
Buenos Aires	2	PARTIDOS DEL GBA	5	2	1	0	8800	0.24
Buenos Aires	2	PARTIDOS DEL GBA	5	2	2	8800	14000	0.40
Buenos Aires	2	PARTIDOS DEL GBA	5	2	3	14000	17150	0.53
Buenos Aires	2	PARTIDOS DEL GBA	5	2	4	17150	21000	0.56
Buenos Aires	2	PARTIDOS DEL GBA	5	2	5	21000	25200	0.69
Buenos Aires	2	PARTIDOS DEL GBA	5	2	6	25200	30580	0.81
Buenos Aires	2	PARTIDOS DEL GBA	5	2	7	30580	38000	0.90
Buenos Aires	2	PARTIDOS DEL GBA	5	2	8	38000	47600	1.14
Buenos Aires	2	PARTIDOS DEL GBA	5	2	9	47600	63778	1.36
Buenos Aires	2	PARTIDOS DEL GBA	5	2	10	63778	725000	2.33
Buenos Aires	2	SAN NICOLÁS-VILLA CONSTITUCIÓN	6	1	1	0	3200	0.18
Buenos Aires	2	SAN NICOLÁS-VILLA CONSTITUCIÓN	6	1	2	3200	6000	0.45
Buenos Aires	2	SAN NICOLÁS-VILLA CONSTITUCIÓN	6	1	3	6000	10000	0.73
Buenos Aires	2	SAN NICOLÁS-VILLA CONSTITUCIÓN	6	1	4	10000	12000	1.01
Buenos Aires	2	SAN NICOLÁS-VILLA CONSTITUCIÓN	6	1	5	12000	15000	1.33
Buenos Aires	2	SAN NICOLÁS-VILLA CONSTITUCIÓN	6	1	6	15000	18000	1.58
Buenos Aires	2	SAN NICOLÁS-VILLA CONSTITUCIÓN	6	1	7	18000	20000	1.88
Buenos Aires	2	SAN NICOLÁS-VILLA CONSTITUCIÓN	6	1	8	20000	25000	2.20
Buenos Aires	2	SAN NICOLÁS-VILLA CONSTITUCIÓN	6	1	9	25000	32000	2.77
Buenos Aires	2	SAN NICOLÁS-VILLA CONSTITUCIÓN	6	1	10	32000	150000	4.84
Buenos Aires	2	SAN NICOLÁS-VILLA CONSTITUCIÓN	6	2	1	0	8900	0.27
Buenos Aires	2	SAN NICOLÁS-VILLA CONSTITUCIÓN	6	2	2	8900	15000	0.55
Buenos Aires	2	SAN NICOLÁS-VILLA CONSTITUCIÓN	6	2	3	15000	17500	0.82
Buenos Aires	2	SAN NICOLÁS-VILLA CONSTITUCIÓN	6	2	4	17500	22200	1.09
Buenos Aires	2	SAN NICOLÁS-VILLA CONSTITUCIÓN	6	2	5	22200	26900	1.36
Buenos Aires	2	SAN NICOLÁS-VILLA CONSTITUCIÓN	6	2	6	26900	32000	1.64
Buenos Aires	2	SAN NICOLÁS-VILLA CONSTITUCIÓN	6	2	7	32000	40000	1.91
Buenos Aires	2	SAN NICOLÁS-VILLA CONSTITUCIÓN	6	2	8	40000	48000	2.18
Buenos Aires	2	SAN NICOLÁS-VILLA CONSTITUCIÓN	6	2	9	48000	62000	2.45
Buenos Aires	2	SAN NICOLÁS-VILLA CONSTITUCIÓN	6	2	10	62000	225000	2.73
Catamarca	3	CATAMARCA	7	1	1	0	3800	0.22
Catamarca	3	CATAMARCA	7	1	2	3800	6000	0.46
Catamarca	3	CATAMARCA	7	1	3	6000	8000	0.64
Catamarca	3	CATAMARCA	7	1	4	8000	10000	0.85
Catamarca	3	CATAMARCA	7	1	5	10000	14000	1.09
Catamarca	3	CATAMARCA	7	1	6	14000	16000	1.40
Catamarca	3	CATAMARCA	7	1	7	16000	18000	1.59
Catamarca	3	CATAMARCA	7	1	8	18000	20000	1.80
Catamarca	3	CATAMARCA	7	1	9	20000	25000	2.07
Catamarca	3	CATAMARCA	7	1	10	25000	80000	3.25
Catamarca	3	CATAMARCA	7	2	1	0	8200	0.22
Catamarca	3	CATAMARCA	7	2	2	8200	13000	0.39
Catamarca	3	CATAMARCA	7	2	3	13000	17000	0.45
Catamarca	3	CATAMARCA	7	2	4	17000	20000	0.54
Catamarca	3	CATAMARCA	7	2	5	20000	24500	0.58
Catamarca	3	CATAMARCA	7	2	6	24500	29500	0.63
Catamarca	3	CATAMARCA	7	2	7	29500	37000	0.81
Catamarca	3	CATAMARCA	7	2	8	37000	46800	0.90
Catamarca	3	CATAMARCA	7	2	9	46800	63000	1.20
Catamarca	3	CATAMARCA	7	2	10	63000	470000	2.08
Chaco	4	GRAN RESISTENCIA	8	1	1	0	4000	0.28
Chaco	4	GRAN RESISTENCIA	8	1	2	4000	6000	0.49
Chaco	4	GRAN RESISTENCIA	8	1	3	6000	8000	0.66
Chaco	4	GRAN RESISTENCIA	8	1	4	8000	10000	0.83
Chaco	4	GRAN RESISTENCIA	8	1	5	10000	12000	1.02
Chaco	4	GRAN RESISTENCIA	8	1	6	12000	15000	1.25
Chaco	4	GRAN RESISTENCIA	8	1	7	15000	17500	1.49
Chaco	4	GRAN RESISTENCIA	8	1	8	17500	20000	1.78
Chaco	4	GRAN RESISTENCIA	8	1	9	20000	25000	2.06
Chaco	4	GRAN RESISTENCIA	8	1	10	25000	60000	2.99
Chaco	4	GRAN RESISTENCIA	8	2	1	0	8000	0.20
Chaco	4	GRAN RESISTENCIA	8	2	2	8000	10700	0.32
Chaco	4	GRAN RESISTENCIA	8	2	3	10700	14600	0.39
Chaco	4	GRAN RESISTENCIA	8	2	4	14600	17000	0.46
Chaco	4	GRAN RESISTENCIA	8	2	5	17000	20500	0.63
Chaco	4	GRAN RESISTENCIA	8	2	6	20500	25000	0.73
Chaco	4	GRAN RESISTENCIA	8	2	7	25000	30000	0.74
Chaco	4	GRAN RESISTENCIA	8	2	8	30000	38000	0.83
Chaco	4	GRAN RESISTENCIA	8	2	9	38000	50000	1.10
Chaco	4	GRAN RESISTENCIA	8	2	10	50000	477600	1.65
Chubut	5	CO. RIVADAVIA - RADA TILLY	9	1	1	0	9000	0.47
Chubut	5	CO. RIVADAVIA - RADA TILLY	9	1	2	9000	15000	1.08
Chubut	5	CO. RIVADAVIA - RADA TILLY	9	1	3	15000	18000	1.51
Chubut	5	CO. RIVADAVIA - RADA TILLY	9	1	4	18000	20000	1.85
Chubut	5	CO. RIVADAVIA - RADA TILLY	9	1	5	20000	25000	2.24
Chubut	5	CO. RIVADAVIA - RADA TILLY	9	1	6	25000	30000	2.57
Chubut	5	CO. RIVADAVIA - RADA TILLY	9	1	7	30000	35000	2.90
Chubut	5	CO. RIVADAVIA - RADA TILLY	9	1	8	35000	40000	3.54
Chubut	5	CO. RIVADAVIA - RADA TILLY	9	1	9	40000	50000	4.31
Chubut	5	CO. RIVADAVIA - RADA TILLY	9	1	10	50000	200000	7.11
Chubut	5	CO. RIVADAVIA - RADA TILLY	9	2	1	0	15000	0.40
Chubut	5	CO. RIVADAVIA - RADA TILLY	9	2	2	15000	22000	0.63
Chubut	5	CO. RIVADAVIA - RADA TILLY	9	2	3	22000	28850	0.93
Chubut	5	CO. RIVADAVIA - RADA TILLY	9	2	4	29000	35000	1.28
Chubut	5	CO. RIVADAVIA - RADA TILLY	9	2	5	35000	40000	1.26
Chubut	5	CO. RIVADAVIA - RADA TILLY	9	2	6	40000	48000	1.46
Chubut	5	CO. RIVADAVIA - RADA TILLY	9	2	7	48000	58000	1.45
Chubut	5	CO. RIVADAVIA - RADA TILLY	9	2	8	58000	66630	1.76
Chubut	5	CO. RIVADAVIA - RADA TILLY	9	2	9	66630	83000	1.85
Chubut	5	CO. RIVADAVIA - RADA TILLY	9	2	10	83000	400000	3.33
Chubut	5	RAWSON - TRELEW	10	1	1	0	4000	0.25
Chubut	5	RAWSON - TRELEW	10	1	2	4000	8000	0.56
Chubut	5	RAWSON - TRELEW	10	1	3	8000	11000	0.90
Chubut	5	RAWSON - TRELEW	10	1	4	11000	15000	1.21
Chubut	5	RAWSON - TRELEW	10	1	5	15000	17500	1.49
Chubut	5	RAWSON - TRELEW	10	1	6	17500	20000	1.81
Chubut	5	RAWSON - TRELEW	10	1	7	20000	25000	2.10
Chubut	5	RAWSON - TRELEW	10	1	8	25000	30000	2.56
Chubut	5	RAWSON - TRELEW	10	1	9	30000	40000	3.21
Chubut	5	RAWSON - TRELEW	10	1	10	40000	170000	5.22
Chubut	5	RAWSON - TRELEW	10	2	1	0	12000	0.35
Chubut	5	RAWSON - TRELEW	10	2	2	12000	17200	0.57
Chubut	5	RAWSON - TRELEW	10	2	3	17200	21026	0.71
Chubut	5	RAWSON - TRELEW	10	2	4	21026	25750	0.81
Chubut	5	RAWSON - TRELEW	10	2	5	25750	30450	0.85
Chubut	5	RAWSON - TRELEW	10	2	6	30450	36500	1.06
Chubut	5	RAWSON - TRELEW	10	2	7	36500	43200	1.22
Chubut	5	RAWSON - TRELEW	10	2	8	43200	57000	1.35
Chubut	5	RAWSON - TRELEW	10	2	9	57000	73000	1.70
Chubut	5	RAWSON - TRELEW	10	2	10	73000	232000	3.10
Córdoba	6	GRAN CÓRDOBA	11	1	1	0	4000	0.22
Córdoba	6	GRAN CÓRDOBA	11	1	2	4000	6000	0.46
Córdoba	6	GRAN CÓRDOBA	11	1	3	6000	8000	0.69
Córdoba	6	GRAN CÓRDOBA	11	1	4	8000	10000	0.90
Córdoba	6	GRAN CÓRDOBA	11	1	5	10000	13000	1.12
Córdoba	6	GRAN CÓRDOBA	11	1	6	13000	16000	1.40
Córdoba	6	GRAN CÓRDOBA	11	1	7	16000	20000	1.67
Córdoba	6	GRAN CÓRDOBA	11	1	8	20000	23000	1.95
Córdoba	6	GRAN CÓRDOBA	11	1	9	23000	30000	2.51
Córdoba	6	GRAN CÓRDOBA	11	1	10	30000	120000	3.79
Córdoba	6	GRAN CÓRDOBA	11	2	1	0	10000	0.32
Córdoba	6	GRAN CÓRDOBA	11	2	2	10000	14400	0.44
Córdoba	6	GRAN CÓRDOBA	11	2	3	14400	18000	0.58
Córdoba	6	GRAN CÓRDOBA	11	2	4	18000	21000	0.79
Córdoba	6	GRAN CÓRDOBA	11	2	5	21000	25000	0.72
Córdoba	6	GRAN CÓRDOBA	11	2	6	25000	30000	0.79
Córdoba	6	GRAN CÓRDOBA	11	2	7	30000	36600	1.01
Córdoba	6	GRAN CÓRDOBA	11	2	8	36600	45000	1.07
Córdoba	6	GRAN CÓRDOBA	11	2	9	45000	60000	1.48
Córdoba	6	GRAN CÓRDOBA	11	2	10	60000	180750	2.13
Córdoba	6	RÍO CUARTO	12	1	1	0	4000	0.25
Córdoba	6	RÍO CUARTO	12	1	2	4000	7000	0.51
Córdoba	6	RÍO CUARTO	12	1	3	7000	10000	0.79
Córdoba	6	RÍO CUARTO	12	1	4	10000	12000	1.04
Córdoba	6	RÍO CUARTO	12	1	5	12000	15000	1.37
Córdoba	6	RÍO CUARTO	12	1	6	15000	19000	1.63
Córdoba	6	RÍO CUARTO	12	1	7	19000	20000	1.89
Córdoba	6	RÍO CUARTO	12	1	8	20000	25000	2.18
Córdoba	6	RÍO CUARTO	12	1	9	25000	30000	2.68
Córdoba	6	RÍO CUARTO	12	1	10	30000	150000	4.44
Córdoba	6	RÍO CUARTO	12	2	1	0	9500	0.36
Córdoba	6	RÍO CUARTO	12	2	2	9500	14400	0.52
Córdoba	6	RÍO CUARTO	12	2	3	14400	17000	0.72
Córdoba	6	RÍO CUARTO	12	2	4	17000	20300	0.76
Córdoba	6	RÍO CUARTO	12	2	5	20300	24800	0.77
Córdoba	6	RÍO CUARTO	12	2	6	24800	28900	1.01
Córdoba	6	RÍO CUARTO	12	2	7	28900	34640	1.01
Córdoba	6	RÍO CUARTO	12	2	8	34640	44500	1.30
Córdoba	6	RÍO CUARTO	12	2	9	44500	59000	1.44
Córdoba	6	RÍO CUARTO	12	2	10	59000	258000	2.43
Corrientes	7	CORRIENTES	13	1	1	0	3000	0.16
Corrientes	7	CORRIENTES	13	1	2	3000	4800	0.35
Corrientes	7	CORRIENTES	13	1	3	4800	6000	0.50
Corrientes	7	CORRIENTES	13	1	4	6000	8000	0.64
Corrientes	7	CORRIENTES	13	1	5	8000	10000	0.86
Corrientes	7	CORRIENTES	13	1	6	10000	12000	1.05
Corrientes	7	CORRIENTES	13	1	7	12000	15000	1.32
Corrientes	7	CORRIENTES	13	1	8	15000	20000	1.60
Corrientes	7	CORRIENTES	13	1	9	20000	25000	2.07
Corrientes	7	CORRIENTES	13	1	10	25000	120000	3.71
Corrientes	7	CORRIENTES	13	2	1	0	7500	0.19
Corrientes	7	CORRIENTES	13	2	2	7500	10000	0.32
Corrientes	7	CORRIENTES	13	2	3	10000	13400	0.37
Corrientes	7	CORRIENTES	13	2	4	13400	16400	0.41
Corrientes	7	CORRIENTES	13	2	5	16400	19400	0.47
Corrientes	7	CORRIENTES	13	2	6	19400	22400	0.53
Corrientes	7	CORRIENTES	13	2	7	22400	27000	0.73
Corrientes	7	CORRIENTES	13	2	8	27000	32300	0.69
Corrientes	7	CORRIENTES	13	2	9	32300	45000	0.90
Corrientes	7	CORRIENTES	13	2	10	45000	188500	1.76
Entre Ríos	8	CONCORDIA	14	1	1	0	5000	0.21
Entre Ríos	8	CONCORDIA	14	1	2	800	4000	0.46
Entre Ríos	8	CONCORDIA	14	1	3	4000	6000	0.68
Entre Ríos	8	CONCORDIA	14	1	4	6000	8000	0.87
Entre Ríos	8	CONCORDIA	14	1	5	8000	10000	1.03
Entre Ríos	8	CONCORDIA	14	1	6	10000	12000	1.30
Entre Ríos	8	CONCORDIA	14	1	7	12000	15000	1.52
Entre Ríos	8	CONCORDIA	14	1	8	15000	20000	1.83
Entre Ríos	8	CONCORDIA	14	1	9	20000	30000	2.25
Entre Ríos	8	CONCORDIA	14	1	10	30000	200000	3.76
Entre Ríos	8	CONCORDIA	14	2	1	0	10000	0.32
Entre Ríos	8	CONCORDIA	14	2	2	8200	12100	0.40
Entre Ríos	8	CONCORDIA	14	2	3	12100	15600	0.46
Entre Ríos	8	CONCORDIA	14	2	4	15600	19000	0.57
Entre Ríos	8	CONCORDIA	14	2	5	19000	22100	0.60
Entre Ríos	8	CONCORDIA	14	2	6	22100	26500	0.69
Entre Ríos	8	CONCORDIA	14	2	7	26500	31850	0.81
Entre Ríos	8	CONCORDIA	14	2	8	31850	40000	1.04
Entre Ríos	8	CONCORDIA	14	2	9	40000	55500	1.27
Entre Ríos	8	CONCORDIA	14	2	10	55500	200000	1.91
Entre Ríos	8	GRAN PARANÁ	15	1	1	0	5000	0.30
Entre Ríos	8	GRAN PARANÁ	15	1	2	5000	8000	0.63
Entre Ríos	8	GRAN PARANÁ	15	1	3	8000	12000	0.95
Entre Ríos	8	GRAN PARANÁ	15	1	4	12000	15000	1.25
Entre Ríos	8	GRAN PARANÁ	15	1	5	15000	16000	1.44
Entre Ríos	8	GRAN PARANÁ	15	1	6	16000	19400	1.66
Entre Ríos	8	GRAN PARANÁ	15	1	7	19400	20000	1.89
Entre Ríos	8	GRAN PARANÁ	15	1	8	20000	25000	2.24
Entre Ríos	8	GRAN PARANÁ	15	1	9	25000	32000	2.74
Entre Ríos	8	GRAN PARANÁ	15	1	10	32000	140000	4.59
Entre Ríos	8	GRAN PARANÁ	15	2	1	0	9200	0.30
Entre Ríos	8	GRAN PARANÁ	15	2	2	9200	14000	0.49
Entre Ríos	8	GRAN PARANÁ	15	2	3	14000	17200	0.63
Entre Ríos	8	GRAN PARANÁ	15	2	4	17200	20400	0.72
Entre Ríos	8	GRAN PARANÁ	15	2	5	20400	26000	0.85
Entre Ríos	8	GRAN PARANÁ	15	2	6	26000	30500	0.86
Entre Ríos	8	GRAN PARANÁ	15	2	7	30500	39600	1.05
Entre Ríos	8	GRAN PARANÁ	15	2	8	39600	50000	1.45
Entre Ríos	8	GRAN PARANÁ	15	2	9	50000	63000	1.65
Entre Ríos	8	GRAN PARANÁ	15	2	10	63000	154000	2.29
Formosa	9	FORMOSA	16	1	1	0	5000	0.37
Formosa	9	FORMOSA	16	1	2	5000	8000	0.65
Formosa	9	FORMOSA	16	1	3	8000	10000	0.87
Formosa	9	FORMOSA	16	1	4	10000	13000	1.08
Formosa	9	FORMOSA	16	1	5	13000	16000	1.41
Formosa	9	FORMOSA	16	1	6	16000	18000	1.63
Formosa	9	FORMOSA	16	1	7	18000	20000	1.82
Formosa	9	FORMOSA	16	1	8	20000	23000	1.99
Formosa	9	FORMOSA	16	1	9	23000	29000	2.39
Formosa	9	FORMOSA	16	1	10	29500	170000	4.14
Formosa	9	FORMOSA	16	2	1	0	10000	0.32
Formosa	9	FORMOSA	16	2	2	10000	13500	0.34
Formosa	9	FORMOSA	16	2	3	13500	17000	0.53
Formosa	9	FORMOSA	16	2	4	17000	20300	0.60
Formosa	9	FORMOSA	16	2	5	20300	24000	0.57
Formosa	9	FORMOSA	16	2	6	24000	28000	0.71
Formosa	9	FORMOSA	16	2	7	28000	33000	0.78
Formosa	9	FORMOSA	16	2	8	33000	40500	0.94
Formosa	9	FORMOSA	16	2	9	40500	55000	1.07
Formosa	9	FORMOSA	16	2	10	55500	340000	1.70
Jujuy	10	JUJUY-PALPALÁ	17	1	1	0	4000	0.27
Jujuy	10	JUJUY-PALPALÁ	17	1	2	4000	6000	0.48
Jujuy	10	JUJUY-PALPALÁ	17	1	3	6000	8000	0.67
Jujuy	10	JUJUY-PALPALÁ	17	1	4	8000	10000	0.86
Jujuy	10	JUJUY-PALPALÁ	17	1	5	10000	12000	1.05
Jujuy	10	JUJUY-PALPALÁ	17	1	6	12000	15000	1.33
Jujuy	10	JUJUY-PALPALÁ	17	1	7	15000	18000	1.55
Jujuy	10	JUJUY-PALPALÁ	17	1	8	18000	20000	1.83
Jujuy	10	JUJUY-PALPALÁ	17	1	9	20000	28000	2.24
Jujuy	10	JUJUY-PALPALÁ	17	1	10	28000	100000	3.55
Jujuy	10	JUJUY-PALPALÁ	17	2	1	0	9000	0.27
Jujuy	10	JUJUY-PALPALÁ	17	2	2	9000	13500	0.34
Jujuy	10	JUJUY-PALPALÁ	17	2	3	13500	16700	0.49
Jujuy	10	JUJUY-PALPALÁ	17	2	4	16700	20500	0.52
Jujuy	10	JUJUY-PALPALÁ	17	2	5	20500	25500	0.60
Jujuy	10	JUJUY-PALPALÁ	17	2	6	25500	30000	0.71
Jujuy	10	JUJUY-PALPALÁ	17	2	7	30000	35800	0.88
Jujuy	10	JUJUY-PALPALÁ	17	2	8	35800	43000	0.91
Jujuy	10	JUJUY-PALPALÁ	17	2	9	43000	60000	1.14
Jujuy	10	JUJUY-PALPALÁ	17	2	10	60000	181000	2.06
La Pampa	11	SANTA ROSA - TOAY	18	1	1	0	4000	0.25
La Pampa	11	SANTA ROSA - TOAY	18	1	2	4000	7000	0.53
La Pampa	11	SANTA ROSA - TOAY	18	1	3	7000	10000	0.79
La Pampa	11	SANTA ROSA - TOAY	18	1	4	10000	12000	1.01
La Pampa	11	SANTA ROSA - TOAY	18	1	5	12000	16000	1.34
La Pampa	11	SANTA ROSA - TOAY	18	1	6	16000	19000	1.66
La Pampa	11	SANTA ROSA - TOAY	18	1	7	19000	22000	1.91
La Pampa	11	SANTA ROSA - TOAY	18	1	8	22000	27000	2.29
La Pampa	11	SANTA ROSA - TOAY	18	1	9	27000	35000	2.81
La Pampa	11	SANTA ROSA - TOAY	18	1	10	35000	110000	4.64
La Pampa	11	SANTA ROSA - TOAY	18	2	1	0	9400	0.31
La Pampa	11	SANTA ROSA - TOAY	18	2	2	9400	13500	0.51
La Pampa	11	SANTA ROSA - TOAY	18	2	3	13500	17000	0.60
La Pampa	11	SANTA ROSA - TOAY	18	2	4	17000	21000	0.62
La Pampa	11	SANTA ROSA - TOAY	18	2	5	21000	25500	0.82
La Pampa	11	SANTA ROSA - TOAY	18	2	6	25500	30000	0.94
La Pampa	11	SANTA ROSA - TOAY	18	2	7	30000	37000	1.12
La Pampa	11	SANTA ROSA - TOAY	18	2	8	37000	47000	1.30
La Pampa	11	SANTA ROSA - TOAY	18	2	9	47000	63000	1.81
La Pampa	11	SANTA ROSA - TOAY	18	2	10	63000	180000	2.32
La Rioja	12	LA RIOJA	19	1	1	0	4000	0.31
La Rioja	12	LA RIOJA	19	1	2	4000	6600	0.51
La Rioja	12	LA RIOJA	19	1	3	6600	10000	0.77
La Rioja	12	LA RIOJA	19	1	4	10000	12000	1.03
La Rioja	12	LA RIOJA	19	1	5	12000	14600	1.26
La Rioja	12	LA RIOJA	19	1	6	14600	16000	1.43
La Rioja	12	LA RIOJA	19	1	7	16000	18000	1.58
La Rioja	12	LA RIOJA	19	1	8	18000	20000	1.76
La Rioja	12	LA RIOJA	19	1	9	20000	25000	2.09
La Rioja	12	LA RIOJA	19	1	10	25000	53000	2.85
La Rioja	12	LA RIOJA	19	2	1	0	10000	0.36
La Rioja	12	LA RIOJA	19	2	2	10000	13900	0.44
La Rioja	12	LA RIOJA	19	2	3	13900	17100	0.60
La Rioja	12	LA RIOJA	19	2	4	17100	20900	0.60
La Rioja	12	LA RIOJA	19	2	5	20900	25000	0.68
La Rioja	12	LA RIOJA	19	2	6	25000	29100	0.65
La Rioja	12	LA RIOJA	19	2	7	29100	34500	0.80
La Rioja	12	LA RIOJA	19	2	8	34500	42500	0.88
La Rioja	12	LA RIOJA	19	2	9	42500	53300	1.08
La Rioja	12	LA RIOJA	19	2	10	53300	122000	1.53
Mendoza	13	GRAN MENDOZA	20	1	1	0	3600	0.20
Mendoza	13	GRAN MENDOZA	20	1	2	3600	6000	0.45
Mendoza	13	GRAN MENDOZA	20	1	3	6000	8200	0.70
Mendoza	13	GRAN MENDOZA	20	1	4	8200	10000	0.91
Mendoza	13	GRAN MENDOZA	20	1	5	10000	14000	1.14
Mendoza	13	GRAN MENDOZA	20	1	6	14000	16000	1.42
Mendoza	13	GRAN MENDOZA	20	1	7	16000	20000	1.70
Mendoza	13	GRAN MENDOZA	20	1	8	20000	23300	1.97
Mendoza	13	GRAN MENDOZA	20	1	9	23300	30000	2.54
Mendoza	13	GRAN MENDOZA	20	1	10	30000	200000	4.65
Mendoza	13	GRAN MENDOZA	20	2	1	0	10000	0.32
Mendoza	13	GRAN MENDOZA	20	2	2	10000	15000	0.48
Mendoza	13	GRAN MENDOZA	20	2	3	15000	18000	0.60
Mendoza	13	GRAN MENDOZA	20	2	4	18000	21600	0.59
Mendoza	13	GRAN MENDOZA	20	2	5	21600	25600	0.71
Mendoza	13	GRAN MENDOZA	20	2	6	25600	30700	0.80
Mendoza	13	GRAN MENDOZA	20	2	7	30700	37800	0.96
Mendoza	13	GRAN MENDOZA	20	2	8	37800	47300	1.12
Mendoza	13	GRAN MENDOZA	20	2	9	47300	64000	1.42
Mendoza	13	GRAN MENDOZA	20	2	10	64000	228000	2.39
Misiones	14	POSADAS	21	1	1	0	3500	0.22
Misiones	14	POSADAS	21	1	2	3500	5000	0.41
Misiones	14	POSADAS	21	1	3	5000	7000	0.59
Misiones	14	POSADAS	21	1	4	7000	9000	0.76
Misiones	14	POSADAS	21	1	5	9000	12000	0.97
Misiones	14	POSADAS	21	1	6	12000	15000	1.27
Misiones	14	POSADAS	21	1	7	15000	17000	1.48
Misiones	14	POSADAS	21	1	8	17000	20000	1.80
Misiones	14	POSADAS	21	1	9	20000	26000	2.18
Misiones	14	POSADAS	21	1	10	26000	70000	3.44
Misiones	14	POSADAS	21	2	1	0	8316	0.33
Misiones	14	POSADAS	21	2	2	8316	11916	0.37
Misiones	14	POSADAS	21	2	3	11916	15000	0.50
Misiones	14	POSADAS	21	2	4	15000	18593	0.53
Misiones	14	POSADAS	21	2	5	18593	22000	0.56
Misiones	14	POSADAS	21	2	6	22000	25816	0.66
Misiones	14	POSADAS	21	2	7	25816	30500	0.85
Misiones	14	POSADAS	21	2	8	30500	37000	0.85
Misiones	14	POSADAS	21	2	9	37000	51500	1.29
Misiones	14	POSADAS	21	2	10	51500	135000	1.66
Neuquén	15	NEUQUÉN - PLOTTIER	22	1	1	0	7000	0.39
Neuquén	15	NEUQUÉN - PLOTTIER	22	1	2	7000	10000	0.84
Neuquén	15	NEUQUÉN - PLOTTIER	22	1	3	10000	15000	1.18
Neuquén	15	NEUQUÉN - PLOTTIER	22	1	4	15000	18000	1.57
Neuquén	15	NEUQUÉN - PLOTTIER	22	1	5	18000	21000	1.87
Neuquén	15	NEUQUÉN - PLOTTIER	22	1	6	21000	25000	2.25
Neuquén	15	NEUQUÉN - PLOTTIER	22	1	7	25000	30000	2.71
Neuquén	15	NEUQUÉN - PLOTTIER	22	1	8	30000	36000	3.09
Neuquén	15	NEUQUÉN - PLOTTIER	22	1	9	36000	50000	3.91
Neuquén	15	NEUQUÉN - PLOTTIER	22	1	10	50000	100000	5.82
Neuquén	15	NEUQUÉN - PLOTTIER	22	2	1	0	11500	0.43
Neuquén	15	NEUQUÉN - PLOTTIER	22	2	2	11500	18000	0.54
Neuquén	15	NEUQUÉN - PLOTTIER	22	2	3	18000	22500	0.70
Neuquén	15	NEUQUÉN - PLOTTIER	22	2	4	22500	28700	0.90
Neuquén	15	NEUQUÉN - PLOTTIER	22	2	5	28700	35000	0.97
Neuquén	15	NEUQUÉN - PLOTTIER	22	2	6	35000	43000	1.17
Neuquén	15	NEUQUÉN - PLOTTIER	22	2	7	43000	52000	1.32
Neuquén	15	NEUQUÉN - PLOTTIER	22	2	8	52000	65000	1.59
Neuquén	15	NEUQUÉN - PLOTTIER	22	2	9	65000	87000	2.10
Neuquén	15	NEUQUÉN - PLOTTIER	22	2	10	87000	438000	3.26
Río Negro	16	VIEDMA-CARMEN DE PATAGONES	23	1	1	0	7000	0.45
Río Negro	16	VIEDMA-CARMEN DE PATAGONES	23	1	2	7000	10000	0.83
Río Negro	16	VIEDMA-CARMEN DE PATAGONES	23	1	3	10000	13000	1.11
Río Negro	16	VIEDMA-CARMEN DE PATAGONES	23	1	4	13000	15000	1.37
Río Negro	16	VIEDMA-CARMEN DE PATAGONES	23	1	5	15000	18000	1.58
Río Negro	16	VIEDMA-CARMEN DE PATAGONES	23	1	6	18000	20000	1.79
Río Negro	16	VIEDMA-CARMEN DE PATAGONES	23	1	7	20000	23000	2.03
Río Negro	16	VIEDMA-CARMEN DE PATAGONES	23	1	8	23000	25500	2.33
Río Negro	16	VIEDMA-CARMEN DE PATAGONES	23	1	9	25500	32000	2.71
Río Negro	16	VIEDMA-CARMEN DE PATAGONES	23	1	10	32000	130000	4.00
Río Negro	16	VIEDMA-CARMEN DE PATAGONES	23	2	1	0	12000	0.47
Río Negro	16	VIEDMA-CARMEN DE PATAGONES	23	2	2	12000	16900	0.61
Río Negro	16	VIEDMA-CARMEN DE PATAGONES	23	2	3	16900	20200	0.83
Río Negro	16	VIEDMA-CARMEN DE PATAGONES	23	2	4	20200	24050	0.87
Río Negro	16	VIEDMA-CARMEN DE PATAGONES	23	2	5	24050	27400	0.91
Río Negro	16	VIEDMA-CARMEN DE PATAGONES	23	2	6	27400	32500	0.99
Río Negro	16	VIEDMA-CARMEN DE PATAGONES	23	2	7	32500	38500	1.03
Río Negro	16	VIEDMA-CARMEN DE PATAGONES	23	2	8	38500	45000	1.24
Río Negro	16	VIEDMA-CARMEN DE PATAGONES	23	2	9	45000	64500	1.70
Río Negro	16	VIEDMA-CARMEN DE PATAGONES	23	2	10	64500	245700	2.27
Salta	17	SALTA	24	1	1	0	3000	0.17
Salta	17	SALTA	24	1	2	3000	4600	0.34
Salta	17	SALTA	24	1	3	4600	6000	0.51
Salta	17	SALTA	24	1	4	6000	8000	0.69
Salta	17	SALTA	24	1	5	8000	10000	0.90
Salta	17	SALTA	24	1	6	10000	14000	1.14
Salta	17	SALTA	24	1	7	14000	17000	1.45
Salta	17	SALTA	24	1	8	17000	20000	1.76
Salta	17	SALTA	24	1	9	20000	28000	2.17
Salta	17	SALTA	24	1	10	28000	200000	3.87
Salta	17	SALTA	24	2	1	0	8000	0.28
Salta	17	SALTA	24	2	2	8000	12300	0.35
Salta	17	SALTA	24	2	3	12300	16000	0.44
Salta	17	SALTA	24	2	4	16000	19920	0.47
Salta	17	SALTA	24	2	5	19920	24200	0.62
Salta	17	SALTA	24	2	6	24200	29150	0.58
Salta	17	SALTA	24	2	7	29150	36000	0.73
Salta	17	SALTA	24	2	8	36000	45300	0.92
Salta	17	SALTA	24	2	9	45300	59600	1.08
Salta	17	SALTA	24	2	10	59600	220000	2.02
San Juan	18	GRAN SAN JUAN	25	1	1	0	3600	0.22
San Juan	18	GRAN SAN JUAN	25	1	2	3600	6000	0.47
San Juan	18	GRAN SAN JUAN	25	1	3	6000	8000	0.67
San Juan	18	GRAN SAN JUAN	25	1	4	8000	10000	0.83
San Juan	18	GRAN SAN JUAN	25	1	5	10000	12500	1.04
San Juan	18	GRAN SAN JUAN	25	1	6	12500	15000	1.35
San Juan	18	GRAN SAN JUAN	25	1	7	15000	18000	1.55
San Juan	18	GRAN SAN JUAN	25	1	8	18000	20000	1.82
San Juan	18	GRAN SAN JUAN	25	1	9	20000	30000	2.35
San Juan	18	GRAN SAN JUAN	25	1	10	30000	160000	4.01
San Juan	18	GRAN SAN JUAN	25	2	1	0	10800	0.35
San Juan	18	GRAN SAN JUAN	25	2	2	10800	15000	0.44
San Juan	18	GRAN SAN JUAN	25	2	3	15000	18000	0.53
San Juan	18	GRAN SAN JUAN	25	2	4	18000	22000	0.63
San Juan	18	GRAN SAN JUAN	25	2	5	22000	25600	0.65
San Juan	18	GRAN SAN JUAN	25	2	6	25600	30000	0.66
San Juan	18	GRAN SAN JUAN	25	2	7	30000	36000	0.75
San Juan	18	GRAN SAN JUAN	25	2	8	36000	43700	0.89
San Juan	18	GRAN SAN JUAN	25	2	9	43700	60000	1.20
San Juan	18	GRAN SAN JUAN	25	2	10	60000	309000	2.15
San Luis	19	SAN LUIS - EL CHORRILLO	26	1	1	0	5700	0.38
San Luis	19	SAN LUIS - EL CHORRILLO	26	1	2	5700	7200	0.66
San Luis	19	SAN LUIS - EL CHORRILLO	26	1	3	7200	8000	0.71
San Luis	19	SAN LUIS - EL CHORRILLO	26	1	4	8000	10000	0.87
San Luis	19	SAN LUIS - EL CHORRILLO	26	1	5	10000	15000	1.18
San Luis	19	SAN LUIS - EL CHORRILLO	26	1	6	15000	18000	1.50
San Luis	19	SAN LUIS - EL CHORRILLO	26	1	7	18000	20000	1.81
San Luis	19	SAN LUIS - EL CHORRILLO	26	1	8	20000	24000	1.99
San Luis	19	SAN LUIS - EL CHORRILLO	26	1	9	24000	30000	2.54
San Luis	19	SAN LUIS - EL CHORRILLO	26	1	10	30000	90000	3.61
San Luis	19	SAN LUIS - EL CHORRILLO	26	2	1	0	11000	0.45
San Luis	19	SAN LUIS - EL CHORRILLO	26	2	2	11000	15000	0.50
San Luis	19	SAN LUIS - EL CHORRILLO	26	2	3	15000	18000	0.58
San Luis	19	SAN LUIS - EL CHORRILLO	26	2	4	18000	21000	0.73
San Luis	19	SAN LUIS - EL CHORRILLO	26	2	5	21000	25000	0.63
San Luis	19	SAN LUIS - EL CHORRILLO	26	2	6	25000	29000	0.75
San Luis	19	SAN LUIS - EL CHORRILLO	26	2	7	29000	35000	0.87
San Luis	19	SAN LUIS - EL CHORRILLO	26	2	8	35000	41400	1.08
San Luis	19	SAN LUIS - EL CHORRILLO	26	2	9	41400	55000	1.19
San Luis	19	SAN LUIS - EL CHORRILLO	26	2	10	55000	160000	1.89
Santa Cruz	20	RIO GALLEGOS	27	1	1	0	7000	0.42
Santa Cruz	20	RIO GALLEGOS	27	1	2	7000	12000	0.90
Santa Cruz	20	RIO GALLEGOS	27	1	3	12000	15000	1.30
Santa Cruz	20	RIO GALLEGOS	27	1	4	15000	18000	1.59
Santa Cruz	20	RIO GALLEGOS	27	1	5	18000	20000	1.87
Santa Cruz	20	RIO GALLEGOS	27	1	6	20000	25000	2.19
Santa Cruz	20	RIO GALLEGOS	27	1	7	25000	30000	2.59
Santa Cruz	20	RIO GALLEGOS	27	1	8	30000	35000	3.06
Santa Cruz	20	RIO GALLEGOS	27	1	9	35000	50000	3.87
Santa Cruz	20	RIO GALLEGOS	27	1	10	50000	600000	7.24
Santa Cruz	20	RIO GALLEGOS	27	2	1	0	12000	0.38
Santa Cruz	20	RIO GALLEGOS	27	2	2	12000	20000	0.78
Santa Cruz	20	RIO GALLEGOS	27	2	3	20000	25000	0.85
Santa Cruz	20	RIO GALLEGOS	27	2	4	25000	32000	1.03
Santa Cruz	20	RIO GALLEGOS	27	2	5	32000	39800	1.11
Santa Cruz	20	RIO GALLEGOS	27	2	6	39800	50000	1.31
Santa Cruz	20	RIO GALLEGOS	27	2	7	50000	59000	1.41
Santa Cruz	20	RIO GALLEGOS	27	2	8	59000	70000	1.77
Santa Cruz	20	RIO GALLEGOS	27	2	9	70000	98000	2.33
Santa Cruz	20	RIO GALLEGOS	27	2	10	98000	600000	3.48
Santa Fe	21	GRAN ROSARIO	28	1	1	0	4200	0.26
Santa Fe	21	GRAN ROSARIO	28	1	2	4200	7200	0.54
Santa Fe	21	GRAN ROSARIO	28	1	3	7200	10000	0.85
Santa Fe	21	GRAN ROSARIO	28	1	4	10000	14000	1.12
Santa Fe	21	GRAN ROSARIO	28	1	5	14000	16000	1.44
Santa Fe	21	GRAN ROSARIO	28	1	6	16000	19000	1.63
Santa Fe	21	GRAN ROSARIO	28	1	7	19000	20000	1.88
Santa Fe	21	GRAN ROSARIO	28	1	8	20000	25000	2.16
Santa Fe	21	GRAN ROSARIO	28	1	9	25000	35000	2.76
Santa Fe	21	GRAN ROSARIO	28	1	10	35000	300000	4.49
Santa Fe	21	GRAN ROSARIO	28	2	1	0	9000	0.32
Santa Fe	21	GRAN ROSARIO	28	2	2	9000	13500	0.43
Santa Fe	21	GRAN ROSARIO	28	2	3	13500	16700	0.69
Santa Fe	21	GRAN ROSARIO	28	2	4	16700	20000	0.67
Santa Fe	21	GRAN ROSARIO	28	2	5	20000	24000	0.79
Santa Fe	21	GRAN ROSARIO	28	2	6	24000	29000	0.81
Santa Fe	21	GRAN ROSARIO	28	2	7	29000	36000	0.95
Santa Fe	21	GRAN ROSARIO	28	2	8	36000	44600	1.07
Santa Fe	21	GRAN ROSARIO	28	2	9	44600	60000	1.49
Santa Fe	21	GRAN ROSARIO	28	2	10	60000	325000	2.14
Santa Fe	21	GRAN SANTA FE	29	1	1	0	5200	0.34
Santa Fe	21	GRAN SANTA FE	29	1	2	5200	8000	0.65
Santa Fe	21	GRAN SANTA FE	29	1	3	8000	10000	0.89
Santa Fe	21	GRAN SANTA FE	29	1	4	10000	14000	1.15
Santa Fe	21	GRAN SANTA FE	29	1	5	14000	16000	1.42
Santa Fe	21	GRAN SANTA FE	29	1	6	16000	18000	1.62
Santa Fe	21	GRAN SANTA FE	29	1	7	18000	20000	1.75
Santa Fe	21	GRAN SANTA FE	29	1	8	20000	22000	1.93
Santa Fe	21	GRAN SANTA FE	29	1	9	22000	28000	2.27
Santa Fe	21	GRAN SANTA FE	29	1	10	28000	100000	3.69
Santa Fe	21	GRAN SANTA FE	29	2	1	0	10000	0.38
Santa Fe	21	GRAN SANTA FE	29	2	2	10000	14600	0.54
Santa Fe	21	GRAN SANTA FE	29	2	3	14600	17300	0.60
Santa Fe	21	GRAN SANTA FE	29	2	4	17300	20000	0.65
Santa Fe	21	GRAN SANTA FE	29	2	5	20000	23500	0.79
Santa Fe	21	GRAN SANTA FE	29	2	6	23500	28500	0.77
Santa Fe	21	GRAN SANTA FE	29	2	7	28500	34000	0.98
Santa Fe	21	GRAN SANTA FE	29	2	8	34000	41000	1.09
Santa Fe	21	GRAN SANTA FE	29	2	9	41000	53500	1.24
Santa Fe	21	GRAN SANTA FE	29	2	10	53500	130000	1.89
Santiago del Estero	22	SGO DEL ESTERO - LA BANDA	30	1	1	0	4500	0.30
Santiago del Estero	22	SGO DEL ESTERO - LA BANDA	30	1	2	4500	6000	0.51
Santiago del Estero	22	SGO DEL ESTERO - LA BANDA	30	1	3	6000	8000	0.68
Santiago del Estero	22	SGO DEL ESTERO - LA BANDA	30	1	4	8000	9500	0.80
Santiago del Estero	22	SGO DEL ESTERO - LA BANDA	30	1	5	9500	11000	0.95
Santiago del Estero	22	SGO DEL ESTERO - LA BANDA	30	1	6	11000	13000	1.15
Santiago del Estero	22	SGO DEL ESTERO - LA BANDA	30	1	7	13000	15000	1.35
Santiago del Estero	22	SGO DEL ESTERO - LA BANDA	30	1	8	15000	18000	1.54
Santiago del Estero	22	SGO DEL ESTERO - LA BANDA	30	1	9	18000	21999	1.84
Santiago del Estero	22	SGO DEL ESTERO - LA BANDA	30	1	10	21999	120000	2.89
Santiago del Estero	22	SGO DEL ESTERO - LA BANDA	30	2	1	0	10000	0.23
Santiago del Estero	22	SGO DEL ESTERO - LA BANDA	30	2	2	10000	14000	0.35
Santiago del Estero	22	SGO DEL ESTERO - LA BANDA	30	2	3	14000	17000	0.50
Santiago del Estero	22	SGO DEL ESTERO - LA BANDA	30	2	4	17000	20500	0.51
Santiago del Estero	22	SGO DEL ESTERO - LA BANDA	30	2	5	20500	24000	0.55
Santiago del Estero	22	SGO DEL ESTERO - LA BANDA	30	2	6	24000	28300	0.71
Santiago del Estero	22	SGO DEL ESTERO - LA BANDA	30	2	7	28300	33200	0.74
Santiago del Estero	22	SGO DEL ESTERO - LA BANDA	30	2	8	33200	41000	0.76
Santiago del Estero	22	SGO DEL ESTERO - LA BANDA	30	2	9	41000	53000	0.90
Santiago del Estero	22	SGO DEL ESTERO - LA BANDA	30	2	10	53000	181300	1.54
Tierra del Fuego, Antártida e Islas del Atlántico Sur	23	USUAHIA - RÍO GRANDE	31	1	1	0	12000	0.70
Tierra del Fuego, Antártida e Islas del Atlántico Sur	23	USUAHIA - RÍO GRANDE	31	1	2	12000	19000	1.47
Tierra del Fuego, Antártida e Islas del Atlántico Sur	23	USUAHIA - RÍO GRANDE	31	1	3	19000	25000	1.98
Tierra del Fuego, Antártida e Islas del Atlántico Sur	23	USUAHIA - RÍO GRANDE	31	1	4	25000	27000	2.41
Tierra del Fuego, Antártida e Islas del Atlántico Sur	23	USUAHIA - RÍO GRANDE	31	1	5	27000	30000	2.71
Tierra del Fuego, Antártida e Islas del Atlántico Sur	23	USUAHIA - RÍO GRANDE	31	1	6	30000	35000	2.91
Tierra del Fuego, Antártida e Islas del Atlántico Sur	23	USUAHIA - RÍO GRANDE	31	1	7	35000	35000	3.31
Tierra del Fuego, Antártida e Islas del Atlántico Sur	23	USUAHIA - RÍO GRANDE	31	1	8	35000	40000	3.62
Tierra del Fuego, Antártida e Islas del Atlántico Sur	23	USUAHIA - RÍO GRANDE	31	1	9	40000	50000	4.10
Tierra del Fuego, Antártida e Islas del Atlántico Sur	23	USUAHIA - RÍO GRANDE	31	1	10	50000	158000	6.10
Tierra del Fuego, Antártida e Islas del Atlántico Sur	23	USUAHIA - RÍO GRANDE	31	2	1	0	17600	0.46
Tierra del Fuego, Antártida e Islas del Atlántico Sur	23	USUAHIA - RÍO GRANDE	31	2	2	17600	27000	0.94
Tierra del Fuego, Antártida e Islas del Atlántico Sur	23	USUAHIA - RÍO GRANDE	31	2	3	27000	31000	1.14
Tierra del Fuego, Antártida e Islas del Atlántico Sur	23	USUAHIA - RÍO GRANDE	31	2	4	31000	35000	1.10
Tierra del Fuego, Antártida e Islas del Atlántico Sur	23	USUAHIA - RÍO GRANDE	31	2	5	35000	40000	1.25
Tierra del Fuego, Antártida e Islas del Atlántico Sur	23	USUAHIA - RÍO GRANDE	31	2	6	40000	50000	1.20
Tierra del Fuego, Antártida e Islas del Atlántico Sur	23	USUAHIA - RÍO GRANDE	31	2	7	50000	60000	1.39
Tierra del Fuego, Antártida e Islas del Atlántico Sur	23	USUAHIA - RÍO GRANDE	31	2	8	60000	75000	1.88
Tierra del Fuego, Antártida e Islas del Atlántico Sur	23	USUAHIA - RÍO GRANDE	31	2	9	75000	90000	2.04
Tierra del Fuego, Antártida e Islas del Atlántico Sur	23	USUAHIA - RÍO GRANDE	31	2	10	90000	483000	3.53
Tucumán	24	GRAN TUCUMÁN - TAFI VIEJO	32	1	1	0	3300	0.19
Tucumán	24	GRAN TUCUMÁN - TAFI VIEJO	32	1	2	3300	5600	0.42
Tucumán	24	GRAN TUCUMÁN - TAFI VIEJO	32	1	3	5600	8000	0.64
Tucumán	24	GRAN TUCUMÁN - TAFI VIEJO	32	1	4	8000	10000	0.82
Tucumán	24	GRAN TUCUMÁN - TAFI VIEJO	32	1	5	10000	12000	1.03
Tucumán	24	GRAN TUCUMÁN - TAFI VIEJO	32	1	6	12000	15000	1.30
Tucumán	24	GRAN TUCUMÁN - TAFI VIEJO	32	1	7	15000	18000	1.56
Tucumán	24	GRAN TUCUMÁN - TAFI VIEJO	32	1	8	18000	20000	1.81
Tucumán	24	GRAN TUCUMÁN - TAFI VIEJO	32	1	9	20000	26000	2.16
Tucumán	24	GRAN TUCUMÁN - TAFI VIEJO	32	1	10	26000	80000	3.37
Tucumán	24	GRAN TUCUMÁN - TAFI VIEJO	32	2	1	0	9000	0.29
Tucumán	24	GRAN TUCUMÁN - TAFI VIEJO	32	2	2	9000	13100	0.40
Tucumán	24	GRAN TUCUMÁN - TAFI VIEJO	32	2	3	13100	17200	0.47
Tucumán	24	GRAN TUCUMÁN - TAFI VIEJO	32	2	4	17200	20200	0.59
Tucumán	24	GRAN TUCUMÁN - TAFI VIEJO	32	2	5	20200	24000	0.56
Tucumán	24	GRAN TUCUMÁN - TAFI VIEJO	32	2	6	24000	29000	0.66
Tucumán	24	GRAN TUCUMÁN - TAFI VIEJO	32	2	7	29000	35200	0.73
Tucumán	24	GRAN TUCUMÁN - TAFI VIEJO	32	2	8	35200	45000	0.93
Tucumán	24	GRAN TUCUMÁN - TAFI VIEJO	32	2	9	45000	58500	1.00
Tucumán	24	GRAN TUCUMÁN - TAFI VIEJO	32	2	10	58500	722500	1.99
